Network Type,Training Algorithm,Hidden Layers,Hidden Neurons,Time to Train,Time to Test,Accuracy,Sum Squared Error,Mean Squared Error
trainlm,0.14257,0.017259,85,15,15,
trainlm,0.077555,0.012586,91.6667,8.3333,8.3333,
trainlm,0.11902,0.01397,88.3333,11.6667,11.6667,
trainlm,0.12782,0.011161,85,15,15,
trainlm,0.14211,0.011967,86.6667,13.3333,13.3333,
trainlm,0.22279,0.011417,86.6667,13.3333,13.3333,
trainlm,0.24957,0.011392,93.3333,6.6667,6.6667,
trainlm,0.4708,0.011894,86.6667,13.3333,13.3333,
trainlm,0.51322,0.011148,86.6667,13.3333,13.3333,
trainlm,0.64349,0.012352,90,10,10,
trainlm,0.55717,0.012659,86.6667,13.3333,13.3333,
trainlm,0.83006,0.012092,88.3333,11.6667,11.6667,
trainlm,0.080091,0.014009,86.6667,13.3333,13.3333,
trainlm,0.11953,0.012981,88.3333,11.6667,11.6667,
trainlm,0.2195,0.012744,93.3333,6.6667,6.6667,
trainlm,0.53865,0.012791,91.6667,8.3333,8.3333,
trainlm,0.83771,0.01409,85,15,15,
trainlm,1.6111,0.012932,91.6667,8.3333,8.3333,
trainlm,3.35,0.013109,88.3333,11.6667,11.6667,
trainlm,5.2401,0.01314,88.3333,11.6667,11.6667,
trainlm,7.2872,0.012873,85,15,15,
trainlm,16.7324,0.015569,88.3333,11.6667,11.6667,
trainlm,17.1772,0.016836,91.6667,8.3333,8.3333,
trainlm,41.15,0.013632,88.3333,11.6667,11.6667,
trainlm,0.099298,0.018261,86.6667,13.3333,13.3333,
trainlm,0.18903,0.014374,81.6667,18.3333,18.3333,
trainlm,0.47788,0.016018,85,15,15,
trainlm,1.0806,0.014419,91.6667,8.3333,8.3333,
trainlm,4.5049,0.014373,93.3333,6.6667,6.6667,
trainlm,5.5426,0.015151,91.6667,8.3333,8.3333,
trainlm,9.2223,0.01835,88.3333,11.6667,11.6667,
trainlm,46.687,0.015434,88.3333,11.6667,11.6667,
trainlm,30.8112,0.018583,88.3333,11.6667,11.6667,
trainlm,54.0086,0.016305,88.3333,11.6667,11.6667,
trainlm,88.5699,0.01795,83.3333,16.6667,16.6667,
trainlm,204.9235,0.015266,95,5,5,
trainlm,0.12329,0.016654,90,10,10,
trainlm,0.30717,0.016663,81.6667,18.3333,18.3333,
trainlm,0.72285,0.015533,85,15,15,
trainlm,2.7802,0.01731,95,5,5,
trainlm,5.4936,0.015863,90,10,10,
trainlm,21.5632,0.016204,90,10,10,
trainlm,33.6713,0.015924,90,10,10,
trainlm,64.91,0.017626,91.6667,8.3333,8.3333,
trainlm,102.0938,0.018166,85,15,15,
trainlm,185.0681,0.017604,93.3333,6.6667,6.6667,
trainlm,164.1461,0.016203,83.3333,16.6667,16.6667,
trainlm,582.5869,0.018339,90,10,10,
trainbr,0.20708,0.014772,83.3333,16.6667,16.6667,
trainbr,0.25322,0.010961,85,15,15,
trainbr,0.38295,0.012301,86.6667,13.3333,13.3333,
trainbr,0.46597,0.012794,83.3333,16.6667,16.6667,
trainbr,1.0949,0.014019,88.3333,11.6667,11.6667,
trainbr,1.4133,0.012265,88.3333,11.6667,11.6667,
trainbr,1.4677,0.011083,85,15,15,
trainbr,2.5076,0.012287,88.3333,11.6667,11.6667,
trainbr,2.9365,0.011248,86.6667,13.3333,13.3333,
trainbr,5.6779,0.013547,88.3333,11.6667,11.6667,
trainbr,5.0716,0.014464,86.6667,13.3333,13.3333,
trainbr,8.585,0.011515,88.3333,11.6667,11.6667,
trainbr,0.14682,0.012858,86.6667,13.3333,13.3333,
trainbr,0.3107,0.013947,86.6667,13.3333,13.3333,
trainbr,0.76085,0.012559,33.3333,66.6667,66.6667,
trainbr,2.6993,0.012926,33.3333,66.6667,66.6667,
trainbr,5.5806,0.012644,33.3333,66.6667,66.6667,
trainbr,9.356,0.012555,33.3333,66.6667,66.6667,
trainbr,15.8216,0.012926,33.3333,66.6667,66.6667,
trainbr,43.9844,0.02875,33.3333,66.6667,66.6667,
trainbr,53.4241,0.027123,33.3333,66.6667,66.6667,
trainbr,107.0399,0.012795,33.3333,66.6667,66.6667,
trainbr,135.4074,0.013476,33.3333,66.6667,66.6667,
trainbr,214.3552,0.012883,33.3333,66.6667,66.6667,
trainbr,0.18578,0.01427,88.3333,11.6667,11.6667,
trainbr,0.55964,0.014091,33.3333,66.6667,66.6667,
trainbr,1.5327,0.01408,33.3333,66.6667,66.6667,
trainbr,7.5366,0.014427,58.3333,41.6667,41.6667,
trainbr,14.4435,0.015996,33.3333,66.6667,66.6667,
trainbr,31.7649,0.017238,33.3333,66.6667,66.6667,
trainbr,53.8217,0.014155,33.3333,66.6667,66.6667,
trainbr,136.3087,0.014294,33.3333,66.6667,66.6667,
trainbr,168.5687,0.014796,33.3333,66.6667,66.6667,
trainbr,411.0329,0.035661,33.3333,66.6667,66.6667,
trainbr,626.1296,0.01442,33.3333,66.6667,66.6667,
trainbr,1138.7215,0.01452,33.3333,66.6667,66.6667,
trainbr,0.20263,0.015618,86.6667,13.3333,13.3333,
trainbr,0.78205,0.015606,33.3333,66.6667,66.6667,
trainbr,3.1793,0.015003,33.3333,66.6667,66.6667,
trainbr,14.9588,0.018068,33.3333,66.6667,66.6667,
trainbr,30.1957,0.015884,33.3333,66.6667,66.6667,
trainbr,76.9374,0.016057,33.3333,66.6667,66.6667,
trainbr,154.3238,0.015222,33.3333,66.6667,66.6667,
trainbr,348.4905,0.015214,33.3333,66.6667,66.6667,
trainbr,510.3149,0.015308,33.3333,66.6667,66.6667,
trainbr,1026.9172,0.015527,33.3333,66.6667,66.6667,
trainbr,1423.6877,0.017591,33.3333,66.6667,66.6667,
trainbr,2429.6762,0.017231,33.3333,66.6667,66.6667,
trainbfg,0.24027,0.012965,88.3333,11.6667,11.6667,
trainbfg,0.15553,0.014343,93.3333,6.6667,6.6667,
trainbfg,0.22231,0.013279,90,10,10,
trainbfg,0.43309,0.01341,90,10,10,
trainbfg,0.66577,0.010688,86.6667,13.3333,13.3333,
trainbfg,1.0038,0.011061,60,40,40,
trainbfg,2.6541,0.013426,85,15,15,
trainbfg,4.2625,0.011318,88.3333,11.6667,11.6667,
trainbfg,1.8078,0.011673,56.6667,43.3333,43.3333,
trainbfg,2.3837,0.013254,80,20,20,
trainbfg,5.4311,0.010974,88.3333,11.6667,11.6667,
trainbfg,7.6117,0.011683,86.6667,13.3333,13.3333,
trainbfg,0.15899,0.012589,93.3333,6.6667,6.6667,
trainbfg,0.73593,0.012244,90,10,10,
trainbfg,1.8277,0.016476,95,5,5,
trainbfg,3.6244,0.017195,60,40,40,
trainbfg,10.3432,0.023322,86.6667,13.3333,13.3333,
trainbfg,42.5864,0.012493,86.6667,13.3333,13.3333,
trainbfg,67.1338,0.012901,93.3333,6.6667,6.6667,
trainbfg,180.2007,0.012845,90,10,10,
trainbfg,65.3007,0.01466,86.6667,13.3333,13.3333,
trainbfg,237.7247,0.012775,88.3333,11.6667,11.6667,
trainbfg,114.4981,0.013009,88.3333,11.6667,11.6667,
trainbfg,310.7105,0.014526,91.6667,8.3333,8.3333,
trainbfg,0.39133,0.014353,93.3333,6.6667,6.6667,
trainbfg,0.76201,0.016266,91.6667,8.3333,8.3333,
trainbfg,2.2634,0.014547,91.6667,8.3333,8.3333,
trainbfg,11.9283,0.013736,85,15,15,
trainbfg,76.0572,0.014578,60,40,40,
trainbfg,100.2334,0.014414,86.6667,13.3333,13.3333,
trainbfg,173.1212,0.014095,85,15,15,
trainbfg,157.9113,0.014304,91.6667,8.3333,8.3333,
trainbfg,342.4835,0.013945,91.6667,8.3333,8.3333,
trainbfg,761.1399,0.015762,90,10,10,
trainbfg,941.3177,0.014662,85,15,15,
trainbfg,749.7975,0.014573,91.6667,8.3333,8.3333,
trainbfg,0.23048,0.015285,85,15,15,
trainbfg,2.064,0.016587,85,15,15,
trainbfg,9.7619,0.0162,90,10,10,
trainbfg,47.964,0.015036,93.3333,6.6667,6.6667,
trainbfg,100.4018,0.015743,95,5,5,
trainbfg,83.6879,0.015054,93.3333,6.6667,6.6667,
trainbfg,200.508,0.01544,91.6667,8.3333,8.3333,
trainbfg,351.6208,0.016114,96.6667,3.3333,3.3333,
trainbfg,1648.6976,0.015625,91.6667,8.3333,8.3333,
trainbfg,4395.1992,0.016111,58.3333,41.6667,41.6667,
trainbfg,2673.1056,0.019287,55,45,45,
trainbfg,409.9436,0.019243,33.3333,66.6667,66.6667,
trainrp,0.057085,0.010913,85,15,15,
trainrp,0.052976,0.011876,81.6667,18.3333,18.3333,
trainrp,0.054213,0.011073,85,15,15,
trainrp,0.05368,0.011872,83.3333,16.6667,16.6667,
trainrp,0.063232,0.01167,81.6667,18.3333,18.3333,
trainrp,0.056172,0.013175,80,20,20,
trainrp,0.051947,0.011291,85,15,15,
trainrp,0.055764,0.011317,83.3333,16.6667,16.6667,
trainrp,0.062096,0.011142,83.3333,16.6667,16.6667,
trainrp,0.049145,0.011945,88.3333,11.6667,11.6667,
trainrp,0.045335,0.01189,83.3333,16.6667,16.6667,
trainrp,0.052608,0.011758,85,15,15,
trainrp,0.061894,0.014365,85,15,15,
trainrp,0.077846,0.012862,86.6667,13.3333,13.3333,
trainrp,0.06174,0.01343,81.6667,18.3333,18.3333,
trainrp,0.056845,0.013061,85,15,15,
trainrp,0.064284,0.014366,86.6667,13.3333,13.3333,
trainrp,0.060338,0.01275,88.3333,11.6667,11.6667,
trainrp,0.081482,0.013571,80,20,20,
trainrp,0.091352,0.013612,88.3333,11.6667,11.6667,
trainrp,0.072035,0.021498,83.3333,16.6667,16.6667,
trainrp,0.058678,0.013569,86.6667,13.3333,13.3333,
trainrp,0.076987,0.01484,88.3333,11.6667,11.6667,
trainrp,0.062952,0.01417,85,15,15,
trainrp,0.069606,0.015201,86.6667,13.3333,13.3333,
trainrp,0.065145,0.01565,81.6667,18.3333,18.3333,
trainrp,0.070221,0.015697,86.6667,13.3333,13.3333,
trainrp,0.065834,0.014141,86.6667,13.3333,13.3333,
trainrp,0.069951,0.01461,86.6667,13.3333,13.3333,
trainrp,0.084011,0.016798,86.6667,13.3333,13.3333,
trainrp,0.082717,0.014793,83.3333,16.6667,16.6667,
trainrp,0.065629,0.015218,58.3333,41.6667,41.6667,
trainrp,0.052663,0.014495,33.3333,66.6667,66.6667,
trainrp,0.060027,0.017629,35,65,65,
trainrp,0.054892,0.015382,58.3333,41.6667,41.6667,
trainrp,0.077352,0.015437,65,35,35,
trainrp,0.11284,0.016141,85,15,15,
trainrp,0.076001,0.016497,91.6667,8.3333,8.3333,
trainrp,0.075747,0.015513,81.6667,18.3333,18.3333,
trainrp,0.091079,0.015794,81.6667,18.3333,18.3333,
trainrp,0.086431,0.01623,95,5,5,
trainrp,0.11067,0.017013,83.3333,16.6667,16.6667,
trainrp,0.12679,0.016609,86.6667,13.3333,13.3333,
trainrp,0.057283,0.019058,33.3333,66.6667,66.6667,
trainrp,0.10127,0.017563,83.3333,16.6667,16.6667,
trainrp,0.059612,0.016979,33.3333,66.6667,66.6667,
trainrp,0.069021,0.017382,33.3333,66.6667,66.6667,
trainrp,0.066988,0.018234,33.3333,66.6667,66.6667,
trainscg,0.097103,0.011102,83.3333,16.6667,16.6667,
trainscg,0.062066,0.011063,91.6667,8.3333,8.3333,
trainscg,0.085403,0.011787,90,10,10,
trainscg,0.068737,0.012527,91.6667,8.3333,8.3333,
trainscg,0.10595,0.012711,88.3333,11.6667,11.6667,
trainscg,0.12925,0.011151,85,15,15,
trainscg,0.10823,0.011646,88.3333,11.6667,11.6667,
trainscg,0.16023,0.013451,90,10,10,
trainscg,0.1617,0.012918,90,10,10,
trainscg,0.070673,0.013216,90,10,10,
trainscg,0.11433,0.012023,86.6667,13.3333,13.3333,
trainscg,0.14305,0.011452,85,15,15,
trainscg,0.10858,0.012557,91.6667,8.3333,8.3333,
trainscg,0.12192,0.014327,86.6667,13.3333,13.3333,
trainscg,0.11856,0.012719,91.6667,8.3333,8.3333,
trainscg,0.11425,0.013788,90,10,10,
trainscg,0.13082,0.013504,90,10,10,
trainscg,0.13567,0.013421,85,15,15,
trainscg,0.17569,0.014448,88.3333,11.6667,11.6667,
trainscg,0.18903,0.013793,88.3333,11.6667,11.6667,
trainscg,0.1477,0.013235,88.3333,11.6667,11.6667,
trainscg,0.16518,0.013204,86.6667,13.3333,13.3333,
trainscg,0.16806,0.018138,88.3333,11.6667,11.6667,
trainscg,0.20093,0.01305,88.3333,11.6667,11.6667,
trainscg,0.1176,0.014047,88.3333,11.6667,11.6667,
trainscg,0.1222,0.014909,88.3333,11.6667,11.6667,
trainscg,0.12787,0.015388,90,10,10,
trainscg,0.12801,0.015704,91.6667,8.3333,8.3333,
trainscg,0.19747,0.015317,88.3333,11.6667,11.6667,
trainscg,0.11076,0.015047,88.3333,11.6667,11.6667,
trainscg,0.18845,0.015834,86.6667,13.3333,13.3333,
trainscg,0.22434,0.015388,90,10,10,
trainscg,0.12518,0.014638,98.3333,1.6667,1.6667,
trainscg,0.23227,0.015615,90,10,10,
trainscg,0.24348,0.015407,85,15,15,
trainscg,0.17493,0.015507,93.3333,6.6667,6.6667,
trainscg,0.10883,0.016378,81.6667,18.3333,18.3333,
trainscg,0.13227,0.016649,90,10,10,
trainscg,0.14338,0.016776,91.6667,8.3333,8.3333,
trainscg,0.17164,0.015877,95,5,5,
trainscg,0.072454,0.017289,33.3333,66.6667,66.6667,
trainscg,0.16162,0.018047,90,10,10,
trainscg,0.21806,0.015836,88.3333,11.6667,11.6667,
trainscg,0.21246,0.017719,88.3333,11.6667,11.6667,
trainscg,0.24984,0.01749,88.3333,11.6667,11.6667,
trainscg,0.25407,0.015933,90,10,10,
trainscg,0.38569,0.017715,86.6667,13.3333,13.3333,
trainscg,0.31604,0.016824,90,10,10,
traincgb,0.091154,0.0124,85,15,15,
traincgb,0.083619,0.012004,88.3333,11.6667,11.6667,
traincgb,0.081693,0.011778,88.3333,11.6667,11.6667,
traincgb,0.11676,0.012212,86.6667,13.3333,13.3333,
traincgb,0.085949,0.011676,86.6667,13.3333,13.3333,
traincgb,0.15195,0.011948,86.6667,13.3333,13.3333,
traincgb,0.10302,0.012693,90,10,10,
traincgb,0.13319,0.016509,86.6667,13.3333,13.3333,
traincgb,0.24015,0.012822,60,40,40,
traincgb,0.082746,0.013589,80,20,20,
traincgb,0.12881,0.013371,86.6667,13.3333,13.3333,
traincgb,0.14753,0.012119,85,15,15,
traincgb,0.12285,0.014297,90,10,10,
traincgb,0.13418,0.014791,86.6667,13.3333,13.3333,
traincgb,0.14643,0.015282,91.6667,8.3333,8.3333,
traincgb,0.45601,0.014975,60,40,40,
traincgb,0.12049,0.015828,90,10,10,
traincgb,0.16877,0.015282,83.3333,16.6667,16.6667,
traincgb,0.23563,0.016452,86.6667,13.3333,13.3333,
traincgb,0.21545,0.016187,88.3333,11.6667,11.6667,
traincgb,0.1468,0.016724,88.3333,11.6667,11.6667,
traincgb,0.21373,0.016057,86.6667,13.3333,13.3333,
traincgb,0.15923,0.013168,86.6667,13.3333,13.3333,
traincgb,0.1872,0.014573,90,10,10,
traincgb,0.13826,0.014832,85,15,15,
traincgb,0.1553,0.013956,88.3333,11.6667,11.6667,
traincgb,0.10103,0.016037,93.3333,6.6667,6.6667,
traincgb,0.11995,0.014943,88.3333,11.6667,11.6667,
traincgb,0.21054,0.015656,60,40,40,
traincgb,0.097675,0.014758,76.6667,23.3333,23.3333,
traincgb,0.21486,0.015262,90,10,10,
traincgb,0.23526,0.014915,91.6667,8.3333,8.3333,
traincgb,0.23147,0.015496,91.6667,8.3333,8.3333,
traincgb,0.22622,0.015421,88.3333,11.6667,11.6667,
traincgb,0.14038,0.015173,93.3333,6.6667,6.6667,
traincgb,0.1408,0.015591,93.3333,6.6667,6.6667,
traincgb,0.19109,0.016799,88.3333,11.6667,11.6667,
traincgb,0.16688,0.016629,90,10,10,
traincgb,0.17469,0.022046,86.6667,13.3333,13.3333,
traincgb,0.17143,0.015422,90,10,10,
traincgb,0.15416,0.016411,93.3333,6.6667,6.6667,
traincgb,0.20821,0.016401,88.3333,11.6667,11.6667,
traincgb,0.24694,0.016378,90,10,10,
traincgb,0.22599,0.015913,90,10,10,
traincgb,0.25527,0.016912,86.6667,13.3333,13.3333,
traincgb,0.26392,0.016673,93.3333,6.6667,6.6667,
traincgb,0.095591,0.017117,25,75,75,
traincgb,0.06638,0.017549,33.3333,66.6667,66.6667,
traincgf,0.12559,0.012733,83.3333,16.6667,16.6667,
traincgf,0.11648,0.011266,88.3333,11.6667,11.6667,
traincgf,0.13982,0.011162,91.6667,8.3333,8.3333,
traincgf,0.12651,0.01168,86.6667,13.3333,13.3333,
traincgf,0.13089,0.011077,86.6667,13.3333,13.3333,
traincgf,0.076996,0.011221,58.3333,41.6667,41.6667,
traincgf,0.11184,0.011828,86.6667,13.3333,13.3333,
traincgf,0.088413,0.011187,83.3333,16.6667,16.6667,
traincgf,0.069815,0.012051,56.6667,43.3333,43.3333,
traincgf,0.072041,0.013421,80,20,20,
traincgf,0.13531,0.01486,85,15,15,
traincgf,0.2206,0.011797,90,10,10,
traincgf,0.11041,0.013655,85,15,15,
traincgf,0.12819,0.01265,76.6667,23.3333,23.3333,
traincgf,0.12991,0.015691,90,10,10,
traincgf,0.24143,0.01588,61.6667,38.3333,38.3333,
traincgf,0.14392,0.01327,88.3333,11.6667,11.6667,
traincgf,0.21519,0.013981,85,15,15,
traincgf,0.17963,0.013549,86.6667,13.3333,13.3333,
traincgf,0.20002,0.012948,90,10,10,
traincgf,0.16191,0.013096,90,10,10,
traincgf,0.22689,0.012924,86.6667,13.3333,13.3333,
traincgf,0.23346,0.013589,85,15,15,
traincgf,0.28162,0.013465,90,10,10,
traincgf,0.11542,0.015713,86.6667,13.3333,13.3333,
traincgf,0.13158,0.01448,91.6667,8.3333,8.3333,
traincgf,0.099384,0.014758,91.6667,8.3333,8.3333,
traincgf,0.12226,0.014759,88.3333,11.6667,11.6667,
traincgf,0.072675,0.015041,51.6667,48.3333,48.3333,
traincgf,0.13344,0.014909,85,15,15,
traincgf,0.27603,0.01663,88.3333,11.6667,11.6667,
traincgf,0.70599,0.015581,80,20,20,
traincgf,0.32706,0.014961,91.6667,8.3333,8.3333,
traincgf,0.2939,0.014227,88.3333,11.6667,11.6667,
traincgf,0.26672,0.014604,86.6667,13.3333,13.3333,
traincgf,0.16261,0.015376,93.3333,6.6667,6.6667,
traincgf,0.14749,0.016356,80,20,20,
traincgf,0.1392,0.015375,60,40,40,
traincgf,0.15632,0.016226,88.3333,11.6667,11.6667,
traincgf,0.16043,0.017046,91.6667,8.3333,8.3333,
traincgf,0.20651,0.016092,93.3333,6.6667,6.6667,
traincgf,0.2308,0.015976,91.6667,8.3333,8.3333,
traincgf,0.25518,0.017161,91.6667,8.3333,8.3333,
traincgf,0.35408,0.01673,93.3333,6.6667,6.6667,
traincgf,0.34939,0.016766,88.3333,11.6667,11.6667,
traincgf,0.20307,0.020455,85,15,15,
traincgf,0.094372,0.017382,26.6667,73.3333,73.3333,
traincgf,0.34041,0.017698,60,40,40,
traincgp,0.093444,0.011135,83.3333,16.6667,16.6667,
traincgp,0.10328,0.016249,85,15,15,
traincgp,0.1055,0.011775,90,10,10,
traincgp,0.10039,0.013977,86.6667,13.3333,13.3333,
traincgp,0.096785,0.014723,86.6667,13.3333,13.3333,
traincgp,0.081521,0.011053,53.3333,46.6667,46.6667,
traincgp,0.11048,0.011891,90,10,10,
traincgp,0.1496,0.011557,88.3333,11.6667,11.6667,
traincgp,0.23338,0.011744,61.6667,38.3333,38.3333,
traincgp,0.073763,0.011874,80,20,20,
traincgp,0.094665,0.011787,86.6667,13.3333,13.3333,
traincgp,0.12365,0.011044,86.6667,13.3333,13.3333,
traincgp,0.10456,0.012463,86.6667,13.3333,13.3333,
traincgp,0.10923,0.012568,85,15,15,
traincgp,0.098854,0.013253,88.3333,11.6667,11.6667,
traincgp,0.16879,0.013481,63.3333,36.6667,36.6667,
traincgp,0.12184,0.012611,93.3333,6.6667,6.6667,
traincgp,0.13758,0.012614,83.3333,16.6667,16.6667,
traincgp,0.15619,0.014282,88.3333,11.6667,11.6667,
traincgp,0.1679,0.013779,86.6667,13.3333,13.3333,
traincgp,0.10994,0.013111,83.3333,16.6667,16.6667,
traincgp,0.17628,0.014104,86.6667,13.3333,13.3333,
traincgp,0.1102,0.013151,85,15,15,
traincgp,0.27213,0.015069,88.3333,11.6667,11.6667,
traincgp,0.1521,0.015844,91.6667,8.3333,8.3333,
traincgp,0.12923,0.015755,88.3333,11.6667,11.6667,
traincgp,0.12429,0.014178,88.3333,11.6667,11.6667,
traincgp,0.11289,0.0147,88.3333,11.6667,11.6667,
traincgp,0.185,0.01462,61.6667,38.3333,38.3333,
traincgp,0.10252,0.014516,81.6667,18.3333,18.3333,
traincgp,0.18038,0.015078,85,15,15,
traincgp,0.23577,0.014956,91.6667,8.3333,8.3333,
traincgp,0.21531,0.014426,91.6667,8.3333,8.3333,
traincgp,0.20402,0.016093,88.3333,11.6667,11.6667,
traincgp,0.14844,0.01599,88.3333,11.6667,11.6667,
traincgp,0.22045,0.015855,91.6667,8.3333,8.3333,
traincgp,0.19539,0.015827,85,15,15,
traincgp,0.20006,0.016243,86.6667,13.3333,13.3333,
traincgp,0.16031,0.015511,90,10,10,
traincgp,0.16988,0.016015,91.6667,8.3333,8.3333,
traincgp,0.18938,0.015612,91.6667,8.3333,8.3333,
traincgp,0.19392,0.016698,90,10,10,
traincgp,0.19887,0.01643,88.3333,11.6667,11.6667,
traincgp,0.23206,0.015579,93.3333,6.6667,6.6667,
traincgp,0.27784,0.016496,86.6667,13.3333,13.3333,
traincgp,0.26644,0.01659,88.3333,11.6667,11.6667,
traincgp,0.095488,0.017714,25,75,75,
traincgp,0.065449,0.017425,33.3333,66.6667,66.6667,
trainoss,0.090294,0.011866,93.3333,6.6667,6.6667,
trainoss,0.24974,0.012162,90,10,10,
trainoss,0.14709,0.011145,91.6667,8.3333,8.3333,
trainoss,0.091143,0.012234,91.6667,8.3333,8.3333,
trainoss,0.10255,0.011062,86.6667,13.3333,13.3333,
trainoss,0.09234,0.011518,56.6667,43.3333,43.3333,
trainoss,0.10784,0.010975,83.3333,16.6667,16.6667,
trainoss,0.17661,0.014072,90,10,10,
trainoss,0.074237,0.012234,55,45,45,
trainoss,0.075403,0.011674,80,20,20,
trainoss,0.11298,0.011242,86.6667,13.3333,13.3333,
trainoss,0.08974,0.012499,88.3333,11.6667,11.6667,
trainoss,0.20939,0.014335,93.3333,6.6667,6.6667,
trainoss,0.18626,0.013412,90,10,10,
trainoss,0.15819,0.015035,90,10,10,
trainoss,0.16899,0.015273,61.6667,38.3333,38.3333,
trainoss,0.1269,0.013644,90,10,10,
trainoss,0.14693,0.012778,86.6667,13.3333,13.3333,
trainoss,0.11473,0.013503,93.3333,6.6667,6.6667,
trainoss,0.12578,0.013747,93.3333,6.6667,6.6667,
trainoss,0.13561,0.012893,90,10,10,
trainoss,0.22191,0.013515,88.3333,11.6667,11.6667,
trainoss,0.088431,0.013047,78.3333,21.6667,21.6667,
trainoss,0.14278,0.01376,90,10,10,
trainoss,0.19605,0.013958,88.3333,11.6667,11.6667,
trainoss,0.14721,0.015833,90,10,10,
trainoss,0.12026,0.013817,93.3333,6.6667,6.6667,
trainoss,0.11576,0.015436,90,10,10,
trainoss,0.15918,0.014969,60,40,40,
trainoss,0.10311,0.013984,91.6667,8.3333,8.3333,
trainoss,0.14773,0.015037,81.6667,18.3333,18.3333,
trainoss,0.33711,0.014937,86.6667,13.3333,13.3333,
trainoss,0.31573,0.01512,93.3333,6.6667,6.6667,
trainoss,0.19011,0.014767,88.3333,11.6667,11.6667,
trainoss,0.26232,0.015331,86.6667,13.3333,13.3333,
trainoss,0.13796,0.015225,91.6667,8.3333,8.3333,
trainoss,0.12302,0.016079,63.3333,36.6667,36.6667,
trainoss,0.1698,0.016191,90,10,10,
trainoss,0.23385,0.015578,90,10,10,
trainoss,0.22588,0.015542,93.3333,6.6667,6.6667,
trainoss,0.18215,0.01876,91.6667,8.3333,8.3333,
trainoss,0.15607,0.015887,90,10,10,
trainoss,0.15097,0.016312,86.6667,13.3333,13.3333,
trainoss,0.44144,0.016596,93.3333,6.6667,6.6667,
trainoss,0.2315,0.016884,85,15,15,
trainoss,0.19965,0.016844,60,40,40,
trainoss,0.26436,0.016634,56.6667,43.3333,43.3333,
trainoss,0.24669,0.016556,63.3333,36.6667,36.6667,
traingdx,0.2675,0.012079,85,15,15,
traingdx,0.21302,0.013909,90,10,10,
traingdx,0.37559,0.01182,90,10,10,
traingdx,0.38532,0.011107,86.6667,13.3333,13.3333,
traingdx,0.3946,0.01376,88.3333,11.6667,11.6667,
traingdx,0.24931,0.010977,86.6667,13.3333,13.3333,
traingdx,0.075245,0.012458,41.6667,58.3333,58.3333,
traingdx,0.27067,0.011764,88.3333,11.6667,11.6667,
traingdx,0.19754,0.011084,58.3333,41.6667,41.6667,
traingdx,0.19759,0.011891,86.6667,13.3333,13.3333,
traingdx,0.2265,0.011931,90,10,10,
traingdx,0.23186,0.012553,90,10,10,
traingdx,0.40532,0.012454,91.6667,8.3333,8.3333,
traingdx,0.37894,0.013022,90,10,10,
traingdx,0.43755,0.012601,93.3333,6.6667,6.6667,
traingdx,0.44015,0.012794,91.6667,8.3333,8.3333,
traingdx,0.22327,0.012484,86.6667,13.3333,13.3333,
traingdx,0.29364,0.012698,86.6667,13.3333,13.3333,
traingdx,0.51489,0.01425,88.3333,11.6667,11.6667,
traingdx,0.25809,0.016073,95,5,5,
traingdx,0.30098,0.013822,91.6667,8.3333,8.3333,
traingdx,0.59428,0.01376,86.6667,13.3333,13.3333,
traingdx,0.1888,0.013843,81.6667,18.3333,18.3333,
traingdx,0.058117,0.014508,30,70,70,
traingdx,0.25829,0.013744,91.6667,8.3333,8.3333,
traingdx,0.11924,0.01459,41.6667,58.3333,58.3333,
traingdx,0.3094,0.015754,91.6667,8.3333,8.3333,
traingdx,0.48225,0.014692,91.6667,8.3333,8.3333,
traingdx,0.21446,0.014631,75,25,25,
traingdx,0.53243,0.015504,85,15,15,
traingdx,0.61422,0.015395,86.6667,13.3333,13.3333,
traingdx,0.23743,0.014811,66.6667,33.3333,33.3333,
traingdx,0.20365,0.015051,95,5,5,
traingdx,0.69531,0.015296,90,10,10,
traingdx,0.10069,0.01454,53.3333,46.6667,46.6667,
traingdx,0.24771,0.015727,90,10,10,
traingdx,0.27559,0.015985,65,35,35,
traingdx,0.16693,0.015244,26.6667,73.3333,73.3333,
traingdx,0.51078,0.015884,93.3333,6.6667,6.6667,
traingdx,0.16148,0.016854,58.3333,41.6667,41.6667,
traingdx,0.56382,0.015951,90,10,10,
traingdx,0.2148,0.016084,53.3333,46.6667,46.6667,
traingdx,0.71253,0.016544,86.6667,13.3333,13.3333,
traingdx,0.73669,0.016653,93.3333,6.6667,6.6667,
traingdx,0.77326,0.016436,88.3333,11.6667,11.6667,
traingdx,0.83896,0.022461,90,10,10,
traingdx,0.10645,0.016137,41.6667,58.3333,58.3333,
traingdx,0.10209,0.016785,36.6667,63.3333,63.3333,
traingdm,1.3862,0.01199,56.6667,43.3333,43.3333,
traingdm,1.4029,0.011146,93.3333,6.6667,6.6667,
traingdm,1.4702,0.011107,88.3333,11.6667,11.6667,
traingdm,1.4729,0.011463,81.6667,18.3333,18.3333,
traingdm,1.7345,0.011265,75,25,25,
traingdm,1.5326,0.011968,63.3333,36.6667,36.6667,
traingdm,0.088479,0.011163,41.6667,58.3333,58.3333,
traingdm,1.5837,0.012465,65,35,35,
traingdm,1.6425,0.012855,60,40,40,
traingdm,1.626,0.01209,90,10,10,
traingdm,1.6756,0.011814,88.3333,11.6667,11.6667,
traingdm,1.6807,0.012423,88.3333,11.6667,11.6667,
traingdm,1.5255,0.01285,76.6667,23.3333,23.3333,
traingdm,1.5859,0.013867,61.6667,38.3333,38.3333,
traingdm,1.6613,0.013605,86.6667,13.3333,13.3333,
traingdm,1.6957,0.013737,88.3333,11.6667,11.6667,
traingdm,1.7866,0.012627,86.6667,13.3333,13.3333,
traingdm,1.858,0.013936,88.3333,11.6667,11.6667,
traingdm,2.0964,0.012968,88.3333,11.6667,11.6667,
traingdm,2.385,0.017818,93.3333,6.6667,6.6667,
traingdm,2.3021,0.015612,81.6667,18.3333,18.3333,
traingdm,2.3841,0.012787,88.3333,11.6667,11.6667,
traingdm,2.6968,0.013867,85,15,15,
traingdm,0.058831,0.012672,30,70,70,
traingdm,1.6803,0.01483,75,25,25,
traingdm,0.20012,0.013802,46.6667,53.3333,53.3333,
traingdm,1.8521,0.018828,93.3333,6.6667,6.6667,
traingdm,1.9513,0.014847,93.3333,6.6667,6.6667,
traingdm,0.93156,0.015659,78.3333,21.6667,21.6667,
traingdm,2.197,0.014073,86.6667,13.3333,13.3333,
traingdm,2.5666,0.014999,86.6667,13.3333,13.3333,
traingdm,2.1629,0.015693,90,10,10,
traingdm,2.8541,0.01528,91.6667,8.3333,8.3333,
traingdm,2.945,0.014375,91.6667,8.3333,8.3333,
traingdm,0.10401,0.015715,53.3333,46.6667,46.6667,
traingdm,3.1659,0.01517,93.3333,6.6667,6.6667,
traingdm,1.8631,0.016243,61.6667,38.3333,38.3333,
traingdm,1.895,0.017316,53.3333,46.6667,46.6667,
traingdm,2.0503,0.015957,90,10,10,
traingdm,2.1782,0.016487,90,10,10,
traingdm,2.3308,0.017015,91.6667,8.3333,8.3333,
traingdm,2.5627,0.016548,86.6667,13.3333,13.3333,
traingdm,2.9567,0.017141,85,15,15,
traingdm,3.1318,0.016621,91.6667,8.3333,8.3333,
traingdm,3.319,0.017041,86.6667,13.3333,13.3333,
traingdm,3.5305,0.016934,91.6667,8.3333,8.3333,
traingdm,0.109,0.016357,45,55,55,
traingdm,0.10496,0.016223,36.6667,63.3333,63.3333,
traingd,1.4191,0.012795,56.6667,43.3333,43.3333,
traingd,1.4011,0.011768,93.3333,6.6667,6.6667,
traingd,1.4546,0.0108,88.3333,11.6667,11.6667,
traingd,1.4827,0.011216,81.6667,18.3333,18.3333,
traingd,1.5086,0.011237,75,25,25,
traingd,1.5211,0.01297,63.3333,36.6667,36.6667,
traingd,0.096693,0.010974,45,55,55,
traingd,1.6002,0.01199,65,35,35,
traingd,1.6066,0.010894,60,40,40,
traingd,1.6127,0.011158,90,10,10,
traingd,1.6646,0.011861,88.3333,11.6667,11.6667,
traingd,1.6596,0.011964,88.3333,11.6667,11.6667,
traingd,1.518,0.013878,76.6667,23.3333,23.3333,
traingd,2.0158,0.013319,61.6667,38.3333,38.3333,
traingd,1.6629,0.012936,86.6667,13.3333,13.3333,
traingd,1.7018,0.013586,88.3333,11.6667,11.6667,
traingd,1.9436,0.013868,86.6667,13.3333,13.3333,
traingd,1.8826,0.013553,88.3333,11.6667,11.6667,
traingd,2.2715,0.012755,88.3333,11.6667,11.6667,
traingd,2.1418,0.012816,93.3333,6.6667,6.6667,
traingd,2.2975,0.014551,83.3333,16.6667,16.6667,
traingd,2.3903,0.014282,88.3333,11.6667,11.6667,
traingd,2.5026,0.013717,85,15,15,
traingd,0.057101,0.012717,30,70,70,
traingd,1.655,0.015683,76.6667,23.3333,23.3333,
traingd,1.7592,0.014935,86.6667,13.3333,13.3333,
traingd,1.8377,0.014676,93.3333,6.6667,6.6667,
traingd,1.9224,0.014968,93.3333,6.6667,6.6667,
traingd,2.0772,0.013873,91.6667,8.3333,8.3333,
traingd,2.1866,0.015823,86.6667,13.3333,13.3333,
traingd,2.5758,0.015267,85,15,15,
traingd,2.6544,0.014333,93.3333,6.6667,6.6667,
traingd,2.8372,0.015576,91.6667,8.3333,8.3333,
traingd,2.9546,0.014504,91.6667,8.3333,8.3333,
traingd,3.1014,0.015263,81.6667,18.3333,18.3333,
traingd,2.7707,0.015586,95,5,5,
traingd,1.7987,0.017335,61.6667,38.3333,38.3333,
traingd,1.8948,0.015264,56.6667,43.3333,43.3333,
traingd,2.0471,0.016369,90,10,10,
traingd,2.1695,0.019319,90,10,10,
traingd,2.3146,0.017511,91.6667,8.3333,8.3333,
traingd,2.5489,0.016931,86.6667,13.3333,13.3333,
traingd,2.9344,0.01743,85,15,15,
traingd,3.1468,0.017072,91.6667,8.3333,8.3333,
traingd,3.2737,0.016167,86.6667,13.3333,13.3333,
traingd,3.4792,0.016792,91.6667,8.3333,8.3333,
traingd,3.7817,0.017215,88.3333,11.6667,11.6667,
traingd,3.9259,0.018453,88.3333,11.6667,11.6667,
