trainlm,0.78059,0.031509,53.3333,46.6667,46.6667,
trainlm,0.11913,0.036224,93.3333,6.6667,6.6667,
trainlm,0.064006,0.010338,85,15,15,
trainlm,0.049633,0.0092029,90,10,10,
trainlm,0.10286,0.0088935,85,15,15,
trainlm,0.045645,0.0085666,91.6667,8.3333,8.3333,
trainlm,0.052904,0.0084217,88.3333,11.6667,11.6667,
trainlm,0.077848,0.0095087,85,15,15,
trainlm,0.092979,0.0083272,86.6667,13.3333,13.3333,
trainlm,0.15814,0.0086415,86.6667,13.3333,13.3333,
trainlm,0.1233,0.0083906,93.3333,6.6667,6.6667,
trainlm,0.21796,0.0082808,86.6667,13.3333,13.3333,
trainlm,0.067242,0.0098942,55,45,45,
trainlm,0.047832,0.0093868,88.3333,11.6667,11.6667,
trainlm,0.042216,0.0096871,88.3333,11.6667,11.6667,
trainlm,0.042615,0.0091788,70,30,30,
trainlm,0.0419,0.0090375,86.6667,13.3333,13.3333,
trainlm,0.071062,0.0095126,88.3333,11.6667,11.6667,
trainlm,0.15247,0.0095078,93.3333,6.6667,6.6667,
trainlm,0.31209,0.0094833,91.6667,8.3333,8.3333,
trainlm,0.5576,0.0090457,85,15,15,
trainlm,1.034,0.0090568,91.6667,8.3333,8.3333,
trainlm,3.5747,0.0091709,88.3333,11.6667,11.6667,
trainlm,4.6401,0.010629,88.3333,11.6667,11.6667,
trainlm,0.080588,0.011157,61.6667,38.3333,38.3333,
trainlm,0.069082,0.010423,91.6667,8.3333,8.3333,
trainlm,0.0556,0.0098275,80,20,20,
trainlm,0.048432,0.0096805,88.3333,11.6667,11.6667,
trainlm,0.068565,0.011598,86.6667,13.3333,13.3333,
trainlm,0.14635,0.0093904,81.6667,18.3333,18.3333,
trainlm,0.27318,0.012196,85,15,15,
trainlm,0.60914,0.010244,91.6667,8.3333,8.3333,
trainlm,2.8094,0.0095827,93.3333,6.6667,6.6667,
trainlm,4.0205,0.0099841,91.6667,8.3333,8.3333,
trainlm,7.4556,0.010052,88.3333,11.6667,11.6667,
trainlm,24.9001,0.012064,88.3333,11.6667,11.6667,
trainlm,0.063821,0.0098827,56.6667,43.3333,43.3333,
trainlm,0.069288,0.010334,66.6667,33.3333,33.3333,
trainlm,0.061953,0.010451,91.6667,8.3333,8.3333,
trainlm,0.056519,0.010376,83.3333,16.6667,16.6667,
trainlm,0.06061,0.010048,90,10,10,
trainlm,0.14746,0.0097022,81.6667,18.3333,18.3333,
trainlm,0.37441,0.0095184,85,15,15,
trainlm,1.771,0.016785,95,5,5,
trainlm,3.2753,0.010252,90,10,10,
trainlm,12.4904,0.010858,90,10,10,
trainlm,25.7924,0.013385,90,10,10,
trainlm,27.5134,0.013941,91.6667,8.3333,8.3333,
trainbr,0.21508,0.0077392,60,40,40,
trainbr,0.054208,0.0078877,88.3333,11.6667,11.6667,
trainbr,0.045725,0.0072025,85,15,15,
trainbr,0.058919,0.007192,85,15,15,
trainbr,0.095722,0.0073178,83.3333,16.6667,16.6667,
trainbr,0.10115,0.0072487,85,15,15,
trainbr,0.18503,0.0074078,86.6667,13.3333,13.3333,
trainbr,0.24768,0.0076795,83.3333,16.6667,16.6667,
trainbr,0.52008,0.0075153,88.3333,11.6667,11.6667,
trainbr,0.68216,0.0073486,88.3333,11.6667,11.6667,
trainbr,0.6287,0.0080269,85,15,15,
trainbr,1.1212,0.0076131,88.3333,11.6667,11.6667,
trainbr,1.5441,0.0087713,45,55,55,
trainbr,0.081202,0.0086342,86.6667,13.3333,13.3333,
trainbr,0.068234,0.0078636,85,15,15,
trainbr,0.07725,0.0084024,83.3333,16.6667,16.6667,
trainbr,0.085535,0.0080779,86.6667,13.3333,13.3333,
trainbr,0.15381,0.0080432,86.6667,13.3333,13.3333,
trainbr,0.46158,0.0081398,33.3333,66.6667,66.6667,
trainbr,0.99326,0.0082002,33.3333,66.6667,66.6667,
trainbr,2.7684,0.0084839,33.3333,66.6667,66.6667,
trainbr,6.7383,0.0082536,33.3333,66.6667,66.6667,
trainbr,11.8523,0.0084084,33.3333,66.6667,66.6667,
trainbr,22.6183,0.009081,33.3333,66.6667,66.6667,
trainbr,1.51,0.0084779,65,35,35,
trainbr,0.078896,0.0093575,88.3333,11.6667,11.6667,
trainbr,0.0788,0.01003,88.3333,11.6667,11.6667,
trainbr,0.078771,0.009065,88.3333,11.6667,11.6667,
trainbr,0.10756,0.0097973,88.3333,11.6667,11.6667,
trainbr,0.23277,0.0090327,33.3333,66.6667,66.6667,
trainbr,0.85347,0.0087299,33.3333,66.6667,66.6667,
trainbr,3.8827,0.0088344,58.3333,41.6667,41.6667,
trainbr,6.2484,0.0091691,33.3333,66.6667,66.6667,
trainbr,23.627,0.0091869,33.3333,66.6667,66.6667,
trainbr,39.139,0.010591,33.3333,66.6667,66.6667,
trainbr,64.0276,0.01127,33.3333,66.6667,66.6667,
trainbr,0.062103,0.0093149,33.3333,66.6667,66.6667,
trainbr,0.069911,0.0090677,33.3333,66.6667,66.6667,
trainbr,0.072737,0.0092093,33.3333,66.6667,66.6667,
trainbr,0.11779,0.010099,81.6667,18.3333,18.3333,
trainbr,0.12001,0.0093291,86.6667,13.3333,13.3333,
trainbr,0.4303,0.0098582,33.3333,66.6667,66.6667,
trainbr,1.861,0.0096285,33.3333,66.6667,66.6667,
trainbr,8.9525,0.0097532,33.3333,66.6667,66.6667,
trainbr,15.7558,0.0097861,33.3333,66.6667,66.6667,
trainbr,46.6149,0.011502,33.3333,66.6667,66.6667,
trainbr,85.6891,0.012047,33.3333,66.6667,66.6667,
trainbr,153.1943,0.016304,33.3333,66.6667,66.6667,
trainbfg,0.15935,0.0075379,55,45,45,
trainbfg,0.14006,0.0072801,56.6667,43.3333,43.3333,
trainbfg,0.072369,0.0070969,78.3333,21.6667,21.6667,
trainbfg,0.067595,0.0077024,88.3333,11.6667,11.6667,
trainbfg,0.10974,0.0073064,88.3333,11.6667,11.6667,
trainbfg,0.06215,0.0070474,93.3333,6.6667,6.6667,
trainbfg,0.088304,0.0072967,90,10,10,
trainbfg,0.20561,0.0077323,90,10,10,
trainbfg,0.4162,0.0071551,86.6667,13.3333,13.3333,
trainbfg,0.51861,0.0071488,60,40,40,
trainbfg,1.0532,0.0074087,85,15,15,
trainbfg,1.788,0.0074543,88.3333,11.6667,11.6667,
trainbfg,0.050708,0.0081805,61.6667,38.3333,38.3333,
trainbfg,0.046356,0.0082017,33.3333,66.6667,66.6667,
trainbfg,0.092641,0.0082506,85,15,15,
trainbfg,0.069834,0.0097354,55,45,45,
trainbfg,0.089388,0.0088721,93.3333,6.6667,6.6667,
trainbfg,0.55335,0.0080852,90,10,10,
trainbfg,0.9731,0.0078047,95,5,5,
trainbfg,1.3851,0.0082596,60,40,40,
trainbfg,3.5898,0.01138,86.6667,13.3333,13.3333,
trainbfg,26.7824,0.0086683,86.6667,13.3333,13.3333,
trainbfg,52.1604,0.008614,93.3333,6.6667,6.6667,
trainbfg,152.2013,0.0099071,90,10,10,
trainbfg,0.0431,0.0083783,60,40,40,
trainbfg,0.036478,0.0083143,33.3333,66.6667,66.6667,
trainbfg,0.09486,0.0087052,78.3333,21.6667,21.6667,
trainbfg,0.13936,0.0083683,81.6667,18.3333,18.3333,
trainbfg,0.20311,0.0092099,93.3333,6.6667,6.6667,
trainbfg,0.45044,0.0085174,91.6667,8.3333,8.3333,
trainbfg,0.95949,0.0088374,91.6667,8.3333,8.3333,
trainbfg,6.0056,0.0089204,85,15,15,
trainbfg,58.1122,0.009298,60,40,40,
trainbfg,88.0695,0.01021,86.6667,13.3333,13.3333,
trainbfg,116.5857,0.011378,85,15,15,
trainbfg,109.5862,0.013454,91.6667,8.3333,8.3333,
trainbfg,0.051522,0.0092328,60,40,40,
trainbfg,0.068536,0.0089943,33.3333,66.6667,66.6667,
trainbfg,0.13985,0.010484,86.6667,13.3333,13.3333,
trainbfg,0.42857,0.01368,88.3333,11.6667,11.6667,
trainbfg,0.19319,0.0095639,85,15,15,
trainbfg,1.3064,0.0092739,85,15,15,
trainbfg,3.8956,0.0096086,90,10,10,
trainbfg,34.2286,0.0096454,93.3333,6.6667,6.6667,
trainbfg,88.6361,0.010973,95,5,5,
trainbfg,58.4344,0.01102,93.3333,6.6667,6.6667,
trainbfg,133.2339,0.020781,91.6667,8.3333,8.3333,
trainbfg,188.1442,0.014679,96.6667,3.3333,3.3333,
trainrp,0.049281,0.0067793,55,45,45,
trainrp,0.03463,0.006648,83.3333,16.6667,16.6667,
trainrp,0.030262,0.0067292,81.6667,18.3333,18.3333,
trainrp,0.028561,0.0069819,90,10,10,
trainrp,0.03409,0.0067869,85,15,15,
trainrp,0.028084,0.0066619,81.6667,18.3333,18.3333,
trainrp,0.027764,0.0067247,85,15,15,
trainrp,0.028125,0.0074621,83.3333,16.6667,16.6667,
trainrp,0.02914,0.0067093,81.6667,18.3333,18.3333,
trainrp,0.028213,0.0069079,80,20,20,
trainrp,0.026011,0.0075805,85,15,15,
trainrp,0.028732,0.0065659,83.3333,16.6667,16.6667,
trainrp,0.043858,0.0079511,60,40,40,
trainrp,0.040226,0.0074546,80,20,20,
trainrp,0.032944,0.0077389,68.3333,31.6667,31.6667,
trainrp,0.034154,0.007553,78.3333,21.6667,21.6667,
trainrp,0.031659,0.0074045,85,15,15,
trainrp,0.036458,0.0076297,86.6667,13.3333,13.3333,
trainrp,0.036051,0.0081347,81.6667,18.3333,18.3333,
trainrp,0.029925,0.0080966,85,15,15,
trainrp,0.033747,0.007847,86.6667,13.3333,13.3333,
trainrp,0.030591,0.0076562,88.3333,11.6667,11.6667,
trainrp,0.042085,0.010329,80,20,20,
trainrp,0.047735,0.0098474,88.3333,11.6667,11.6667,
trainrp,0.041331,0.0092597,61.6667,38.3333,38.3333,
trainrp,0.05536,0.0092708,83.3333,16.6667,16.6667,
trainrp,0.04709,0.008262,76.6667,23.3333,23.3333,
trainrp,0.034498,0.0084012,81.6667,18.3333,18.3333,
trainrp,0.036647,0.0092144,86.6667,13.3333,13.3333,
trainrp,0.034866,0.0090146,81.6667,18.3333,18.3333,
trainrp,0.038102,0.009416,86.6667,13.3333,13.3333,
trainrp,0.039293,0.0096835,86.6667,13.3333,13.3333,
trainrp,0.034296,0.0085965,86.6667,13.3333,13.3333,
trainrp,0.037144,0.0083094,86.6667,13.3333,13.3333,
trainrp,0.038528,0.0084404,83.3333,16.6667,16.6667,
trainrp,0.033716,0.0086964,58.3333,41.6667,41.6667,
trainrp,0.045881,0.0091127,53.3333,46.6667,46.6667,
trainrp,0.050506,0.0086789,91.6667,8.3333,8.3333,
trainrp,0.039346,0.0089814,76.6667,23.3333,23.3333,
trainrp,0.049277,0.0097288,80,20,20,
trainrp,0.061208,0.0098401,85,15,15,
trainrp,0.043561,0.0094767,91.6667,8.3333,8.3333,
trainrp,0.037742,0.0091136,81.6667,18.3333,18.3333,
trainrp,0.042869,0.0087486,81.6667,18.3333,18.3333,
trainrp,0.042134,0.0089974,95,5,5,
trainrp,0.052877,0.0094145,83.3333,16.6667,16.6667,
trainrp,0.052371,0.0093303,86.6667,13.3333,13.3333,
trainrp,0.030304,0.009132,33.3333,66.6667,66.6667,
trainscg,0.055953,0.0068144,53.3333,46.6667,46.6667,
trainscg,0.029286,0.0069505,31.6667,68.3333,68.3333,
trainscg,0.047663,0.0067325,86.6667,13.3333,13.3333,
trainscg,0.038865,0.0066112,83.3333,16.6667,16.6667,
trainscg,0.055614,0.0067878,83.3333,16.6667,16.6667,
trainscg,0.031796,0.0066498,91.6667,8.3333,8.3333,
trainscg,0.048512,0.0070679,90,10,10,
trainscg,0.041622,0.0075457,91.6667,8.3333,8.3333,
trainscg,0.057358,0.0075829,88.3333,11.6667,11.6667,
trainscg,0.070503,0.0083303,85,15,15,
trainscg,0.058683,0.0077513,88.3333,11.6667,11.6667,
trainscg,0.073114,0.0075442,90,10,10,
trainscg,0.044308,0.0079161,55,45,45,
trainscg,0.033697,0.0084821,33.3333,66.6667,66.6667,
trainscg,0.059478,0.0075107,85,15,15,
trainscg,0.057193,0.0074947,83.3333,16.6667,16.6667,
trainscg,0.053546,0.0076134,91.6667,8.3333,8.3333,
trainscg,0.058633,0.0077984,86.6667,13.3333,13.3333,
trainscg,0.0617,0.0079629,91.6667,8.3333,8.3333,
trainscg,0.058631,0.0077486,90,10,10,
trainscg,0.063765,0.0077407,90,10,10,
trainscg,0.068447,0.0076321,85,15,15,
trainscg,0.072541,0.0080571,88.3333,11.6667,11.6667,
trainscg,0.086377,0.0078582,88.3333,11.6667,11.6667,
trainscg,0.043522,0.0085219,63.3333,36.6667,36.6667,
trainscg,0.030472,0.0081546,33.3333,66.6667,66.6667,
trainscg,0.066575,0.0084489,80,20,20,
trainscg,0.041926,0.0085941,83.3333,16.6667,16.6667,
trainscg,0.060126,0.0085017,88.3333,11.6667,11.6667,
trainscg,0.062788,0.0083496,88.3333,11.6667,11.6667,
trainscg,0.063117,0.0082974,90,10,10,
trainscg,0.063986,0.0084142,91.6667,8.3333,8.3333,
trainscg,0.090106,0.0087,88.3333,11.6667,11.6667,
trainscg,0.049214,0.0087722,88.3333,11.6667,11.6667,
trainscg,0.12553,0.0091477,86.6667,13.3333,13.3333,
trainscg,0.12315,0.0090888,90,10,10,
trainscg,0.052031,0.010602,63.3333,36.6667,36.6667,
trainscg,0.039229,0.0091761,33.3333,66.6667,66.6667,
trainscg,0.10095,0.0092204,86.6667,13.3333,13.3333,
trainscg,0.086933,0.010293,83.3333,16.6667,16.6667,
trainscg,0.05488,0.0093683,81.6667,18.3333,18.3333,
trainscg,0.066066,0.0088923,90,10,10,
trainscg,0.070592,0.0099482,91.6667,8.3333,8.3333,
trainscg,0.076941,0.0089023,95,5,5,
trainscg,0.03712,0.008879,33.3333,66.6667,66.6667,
trainscg,0.076289,0.0095902,90,10,10,
trainscg,0.11581,0.011768,88.3333,11.6667,11.6667,
trainscg,0.11019,0.0095144,88.3333,11.6667,11.6667,
traincgb,0.086948,0.0067956,58.3333,41.6667,41.6667,
traincgb,0.063519,0.006779,58.3333,41.6667,41.6667,
traincgb,0.049097,0.0065952,81.6667,18.3333,18.3333,
traincgb,0.042666,0.0067561,88.3333,11.6667,11.6667,
traincgb,0.054766,0.0072237,85,15,15,
traincgb,0.045459,0.0068436,88.3333,11.6667,11.6667,
traincgb,0.040684,0.0077308,88.3333,11.6667,11.6667,
traincgb,0.062598,0.0067549,86.6667,13.3333,13.3333,
traincgb,0.046631,0.0075925,86.6667,13.3333,13.3333,
traincgb,0.083754,0.0072852,86.6667,13.3333,13.3333,
traincgb,0.053621,0.0070776,90,10,10,
traincgb,0.065733,0.0073876,86.6667,13.3333,13.3333,
traincgb,0.08065,0.0079843,48.3333,51.6667,51.6667,
traincgb,0.052313,0.0075391,65,35,35,
traincgb,0.05855,0.0075841,86.6667,13.3333,13.3333,
traincgb,0.070253,0.0075463,85,15,15,
traincgb,0.053522,0.0075642,90,10,10,
traincgb,0.056033,0.0075808,86.6667,13.3333,13.3333,
traincgb,0.06576,0.0081485,91.6667,8.3333,8.3333,
traincgb,0.2238,0.007652,60,40,40,
traincgb,0.052537,0.0078636,90,10,10,
traincgb,0.072495,0.0077377,83.3333,16.6667,16.6667,
traincgb,0.11766,0.0083825,86.6667,13.3333,13.3333,
traincgb,0.092482,0.0079689,88.3333,11.6667,11.6667,
traincgb,0.04099,0.0083484,60,40,40,
traincgb,0.034138,0.007972,33.3333,66.6667,66.6667,
traincgb,0.062863,0.0083366,91.6667,8.3333,8.3333,
traincgb,0.062416,0.0082759,83.3333,16.6667,16.6667,
traincgb,0.069891,0.0082796,85,15,15,
traincgb,0.079183,0.0082642,88.3333,11.6667,11.6667,
traincgb,0.053154,0.0088579,93.3333,6.6667,6.6667,
traincgb,0.063758,0.0093065,88.3333,11.6667,11.6667,
traincgb,0.10708,0.0084232,60,40,40,
traincgb,0.049116,0.0084172,76.6667,23.3333,23.3333,
traincgb,0.10295,0.0086744,90,10,10,
traincgb,0.11981,0.0085385,91.6667,8.3333,8.3333,
traincgb,0.045137,0.0088286,60,40,40,
traincgb,0.044535,0.0090538,33.3333,66.6667,66.6667,
traincgb,0.074096,0.0089418,78.3333,21.6667,21.6667,
traincgb,0.049682,0.0088977,61.6667,38.3333,38.3333,
traincgb,0.097343,0.0090233,88.3333,11.6667,11.6667,
traincgb,0.085216,0.0090161,90,10,10,
traincgb,0.08665,0.0093994,86.6667,13.3333,13.3333,
traincgb,0.085292,0.0094683,90,10,10,
traincgb,0.08834,0.0096654,93.3333,6.6667,6.6667,
traincgb,0.11096,0.0095464,88.3333,11.6667,11.6667,
traincgb,0.18286,0.010651,90,10,10,
traincgb,0.11412,0.0094082,90,10,10,
traincgf,0.055678,0.006738,58.3333,41.6667,41.6667,
traincgf,0.062378,0.0067289,56.6667,43.3333,43.3333,
traincgf,0.057309,0.0067434,80,20,20,
traincgf,0.035441,0.006607,85,15,15,
traincgf,0.073407,0.0067763,83.3333,16.6667,16.6667,
traincgf,0.058938,0.0075578,88.3333,11.6667,11.6667,
traincgf,0.066966,0.0068322,91.6667,8.3333,8.3333,
traincgf,0.066841,0.007009,86.6667,13.3333,13.3333,
traincgf,0.065321,0.0069952,86.6667,13.3333,13.3333,
traincgf,0.041135,0.0068476,58.3333,41.6667,41.6667,
traincgf,0.056531,0.0071727,86.6667,13.3333,13.3333,
traincgf,0.046361,0.0068989,83.3333,16.6667,16.6667,
traincgf,0.046576,0.0075575,60,40,40,
traincgf,0.072264,0.0075693,58.3333,41.6667,41.6667,
traincgf,0.064192,0.0075189,86.6667,13.3333,13.3333,
traincgf,0.080178,0.0080474,88.3333,11.6667,11.6667,
traincgf,0.055686,0.0075457,85,15,15,
traincgf,0.063846,0.0076345,76.6667,23.3333,23.3333,
traincgf,0.058149,0.0076152,90,10,10,
traincgf,0.10438,0.0076934,61.6667,38.3333,38.3333,
traincgf,0.076911,0.0077275,88.3333,11.6667,11.6667,
traincgf,0.10923,0.0088002,85,15,15,
traincgf,0.086503,0.0078277,86.6667,13.3333,13.3333,
traincgf,0.1158,0.0081283,90,10,10,
traincgf,0.038185,0.0084555,58.3333,41.6667,41.6667,
traincgf,0.033716,0.0082723,33.3333,66.6667,66.6667,
traincgf,0.0562,0.0082765,81.6667,18.3333,18.3333,
traincgf,0.063228,0.0081926,85,15,15,
traincgf,0.057822,0.0082153,86.6667,13.3333,13.3333,
traincgf,0.066523,0.0084368,91.6667,8.3333,8.3333,
traincgf,0.049985,0.0081839,91.6667,8.3333,8.3333,
traincgf,0.062497,0.0084616,88.3333,11.6667,11.6667,
traincgf,0.038924,0.0081941,51.6667,48.3333,48.3333,
traincgf,0.064642,0.0084075,85,15,15,
traincgf,0.15506,0.0087936,88.3333,11.6667,11.6667,
traincgf,0.38112,0.0091296,80,20,20,
traincgf,0.043584,0.0090457,63.3333,36.6667,36.6667,
traincgf,0.049025,0.0087064,33.3333,66.6667,66.6667,
traincgf,0.087655,0.0096974,76.6667,23.3333,23.3333,
traincgf,0.081127,0.0093988,61.6667,38.3333,38.3333,
traincgf,0.083828,0.0094906,80,20,20,
traincgf,0.070889,0.0096457,60,40,40,
traincgf,0.080602,0.0093424,88.3333,11.6667,11.6667,
traincgf,0.080012,0.0089714,91.6667,8.3333,8.3333,
traincgf,0.11041,0.010145,93.3333,6.6667,6.6667,
traincgf,0.14458,0.011889,91.6667,8.3333,8.3333,
traincgf,0.16512,0.011278,91.6667,8.3333,8.3333,
traincgf,0.21048,0.01105,93.3333,6.6667,6.6667,
traincgp,0.062461,0.0069514,63.3333,36.6667,36.6667,
traincgp,0.06309,0.0072303,55,45,45,
traincgp,0.052649,0.0071911,81.6667,18.3333,18.3333,
traincgp,0.044321,0.0071639,88.3333,11.6667,11.6667,
traincgp,0.061696,0.0074226,83.3333,16.6667,16.6667,
traincgp,0.048477,0.007502,85,15,15,
traincgp,0.05832,0.0076375,90,10,10,
traincgp,0.056169,0.0073622,86.6667,13.3333,13.3333,
traincgp,0.0565,0.0075156,86.6667,13.3333,13.3333,
traincgp,0.059306,0.0076278,53.3333,46.6667,46.6667,
traincgp,0.060272,0.0073076,90,10,10,
traincgp,0.08125,0.0074718,88.3333,11.6667,11.6667,
traincgp,0.059621,0.0080453,55,45,45,
traincgp,0.040181,0.009023,33.3333,66.6667,66.6667,
traincgp,0.071888,0.0075645,85,15,15,
traincgp,0.069639,0.0085177,86.6667,13.3333,13.3333,
traincgp,0.082541,0.010335,86.6667,13.3333,13.3333,
traincgp,0.061768,0.008192,85,15,15,
traincgp,0.053687,0.0082817,88.3333,11.6667,11.6667,
traincgp,0.088266,0.0083469,63.3333,36.6667,36.6667,
traincgp,0.066848,0.0081319,93.3333,6.6667,6.6667,
traincgp,0.08552,0.0082086,83.3333,16.6667,16.6667,
traincgp,0.094519,0.0088905,88.3333,11.6667,11.6667,
traincgp,0.092529,0.0077181,86.6667,13.3333,13.3333,
traincgp,0.037979,0.0079312,60,40,40,
traincgp,0.033882,0.0081135,33.3333,66.6667,66.6667,
traincgp,0.05642,0.0081081,90,10,10,
traincgp,0.061363,0.0082195,83.3333,16.6667,16.6667,
traincgp,0.067511,0.0084981,91.6667,8.3333,8.3333,
traincgp,0.063564,0.0081814,88.3333,11.6667,11.6667,
traincgp,0.062318,0.0081824,88.3333,11.6667,11.6667,
traincgp,0.059427,0.0081811,88.3333,11.6667,11.6667,
traincgp,0.096746,0.008694,61.6667,38.3333,38.3333,
traincgp,0.04987,0.008429,81.6667,18.3333,18.3333,
traincgp,0.094481,0.0086692,85,15,15,
traincgp,0.12978,0.0084311,91.6667,8.3333,8.3333,
traincgp,0.042013,0.0085059,61.6667,38.3333,38.3333,
traincgp,0.042434,0.0086312,33.3333,66.6667,66.6667,
traincgp,0.10803,0.0094194,86.6667,13.3333,13.3333,
traincgp,0.069662,0.0087701,65,35,35,
traincgp,0.097967,0.0088564,85,15,15,
traincgp,0.094222,0.0088036,86.6667,13.3333,13.3333,
traincgp,0.077081,0.0087634,90,10,10,
traincgp,0.08426,0.00911,91.6667,8.3333,8.3333,
traincgp,0.095692,0.0094583,91.6667,8.3333,8.3333,
traincgp,0.10407,0.0096663,90,10,10,
traincgp,0.10271,0.010059,88.3333,11.6667,11.6667,
traincgp,0.15785,0.0092871,93.3333,6.6667,6.6667,
trainoss,0.057321,0.006667,56.6667,43.3333,43.3333,
trainoss,0.10208,0.0066329,55,45,45,
trainoss,0.077733,0.0067184,78.3333,21.6667,21.6667,
trainoss,0.036684,0.0065511,61.6667,38.3333,38.3333,
trainoss,0.054433,0.0067528,93.3333,6.6667,6.6667,
trainoss,0.11866,0.0066791,90,10,10,
trainoss,0.071225,0.006639,91.6667,8.3333,8.3333,
trainoss,0.045004,0.0066489,91.6667,8.3333,8.3333,
trainoss,0.05085,0.0070531,86.6667,13.3333,13.3333,
trainoss,0.051641,0.0067857,56.6667,43.3333,43.3333,
trainoss,0.055217,0.007134,83.3333,16.6667,16.6667,
trainoss,0.085131,0.0067428,90,10,10,
trainoss,0.065392,0.0078259,56.6667,43.3333,43.3333,
trainoss,0.049706,0.0074205,33.3333,66.6667,66.6667,
trainoss,0.049264,0.007463,85,15,15,
trainoss,0.040769,0.0074289,55,45,45,
trainoss,0.092206,0.0073927,91.6667,8.3333,8.3333,
trainoss,0.076296,0.0074335,86.6667,13.3333,13.3333,
trainoss,0.069582,0.0074531,90,10,10,
trainoss,0.076288,0.0074612,61.6667,38.3333,38.3333,
trainoss,0.066401,0.0075415,90,10,10,
trainoss,0.078338,0.0080894,86.6667,13.3333,13.3333,
trainoss,0.055527,0.0077244,93.3333,6.6667,6.6667,
trainoss,0.056781,0.0077362,93.3333,6.6667,6.6667,
trainoss,0.043752,0.0081425,61.6667,38.3333,38.3333,
trainoss,0.034165,0.0080544,33.3333,66.6667,66.6667,
trainoss,0.11351,0.0080806,86.6667,13.3333,13.3333,
trainoss,0.057471,0.0081685,81.6667,18.3333,18.3333,
trainoss,0.10882,0.0082125,88.3333,11.6667,11.6667,
trainoss,0.072379,0.0081099,90,10,10,
trainoss,0.061233,0.0082065,93.3333,6.6667,6.6667,
trainoss,0.061029,0.0080867,90,10,10,
trainoss,0.082747,0.0084317,60,40,40,
trainoss,0.051974,0.0082156,91.6667,8.3333,8.3333,
trainoss,0.078581,0.0087963,81.6667,18.3333,18.3333,
trainoss,0.23765,0.0087245,90,10,10,
trainoss,0.050089,0.0097426,58.3333,41.6667,41.6667,
trainoss,0.054785,0.0091139,33.3333,66.6667,66.6667,
trainoss,0.078723,0.008972,86.6667,13.3333,13.3333,
trainoss,0.096259,0.008796,60,40,40,
trainoss,0.062666,0.0087441,63.3333,36.6667,36.6667,
trainoss,0.081603,0.0088036,90,10,10,
trainoss,0.1019,0.0087492,90,10,10,
trainoss,0.11022,0.009209,93.3333,6.6667,6.6667,
trainoss,0.090172,0.008895,91.6667,8.3333,8.3333,
trainoss,0.07822,0.0096605,90,10,10,
trainoss,0.089936,0.0091679,86.6667,13.3333,13.3333,
trainoss,0.18802,0.010747,93.3333,6.6667,6.6667,
traingdx,0.12627,0.0066248,58.3333,41.6667,41.6667,
traingdx,0.12104,0.0066855,90,10,10,
traingdx,0.18365,0.0067724,86.6667,13.3333,13.3333,
traingdx,0.11986,0.0066658,88.3333,11.6667,11.6667,
traingdx,0.13313,0.0075479,85,15,15,
traingdx,0.10255,0.0067172,90,10,10,
traingdx,0.19427,0.0070492,90,10,10,
traingdx,0.19178,0.0066692,86.6667,13.3333,13.3333,
traingdx,0.18894,0.0066767,88.3333,11.6667,11.6667,
traingdx,0.1176,0.0069792,86.6667,13.3333,13.3333,
traingdx,0.03892,0.0068113,41.6667,58.3333,58.3333,
traingdx,0.13127,0.0068098,88.3333,11.6667,11.6667,
traingdx,0.12562,0.0075566,66.6667,33.3333,33.3333,
traingdx,0.097898,0.0074341,33.3333,66.6667,66.6667,
traingdx,0.1893,0.0074156,88.3333,11.6667,11.6667,
traingdx,0.14131,0.0074875,76.6667,23.3333,23.3333,
traingdx,0.19396,0.007534,91.6667,8.3333,8.3333,
traingdx,0.18224,0.0074902,90,10,10,
traingdx,0.2007,0.0074878,93.3333,6.6667,6.6667,
traingdx,0.21086,0.0074648,91.6667,8.3333,8.3333,
traingdx,0.10738,0.0077718,86.6667,13.3333,13.3333,
traingdx,0.14228,0.0089143,86.6667,13.3333,13.3333,
traingdx,0.25698,0.0076961,88.3333,11.6667,11.6667,
traingdx,0.13604,0.0081658,95,5,5,
traingdx,0.12279,0.008333,63.3333,36.6667,36.6667,
traingdx,0.028049,0.0079855,33.3333,66.6667,66.6667,
traingdx,0.193,0.0081845,83.3333,16.6667,16.6667,
traingdx,0.12174,0.0082566,88.3333,11.6667,11.6667,
traingdx,0.12442,0.0081528,91.6667,8.3333,8.3333,
traingdx,0.059289,0.0082219,41.6667,58.3333,58.3333,
traingdx,0.14649,0.0082098,91.6667,8.3333,8.3333,
traingdx,0.22806,0.0081685,91.6667,8.3333,8.3333,
traingdx,0.10144,0.0083306,75,25,25,
traingdx,0.24525,0.0083402,85,15,15,
traingdx,0.27631,0.0085207,86.6667,13.3333,13.3333,
traingdx,0.10758,0.0090583,66.6667,33.3333,33.3333,
traingdx,0.12272,0.009509,60,40,40,
traingdx,0.12474,0.0087734,33.3333,66.6667,66.6667,
traingdx,0.096303,0.0087399,33.3333,66.6667,66.6667,
traingdx,0.1854,0.0087061,81.6667,18.3333,18.3333,
traingdx,0.12385,0.008886,65,35,35,
traingdx,0.083341,0.0092017,26.6667,73.3333,73.3333,
traingdx,0.24017,0.0089584,93.3333,6.6667,6.6667,
traingdx,0.079134,0.0087836,58.3333,41.6667,41.6667,
traingdx,0.25995,0.0089913,90,10,10,
traingdx,0.09658,0.0089895,53.3333,46.6667,46.6667,
traingdx,0.32129,0.0094852,86.6667,13.3333,13.3333,
traingdx,0.35662,0.0099337,93.3333,6.6667,6.6667,
traingdm,0.64625,0.0067156,60,40,40,
traingdm,0.63493,0.0066432,28.3333,71.6667,71.6667,
traingdm,0.63121,0.0071253,71.6667,28.3333,28.3333,
traingdm,0.63186,0.0066571,56.6667,43.3333,43.3333,
traingdm,0.64206,0.0066351,56.6667,43.3333,43.3333,
traingdm,0.6468,0.0066858,93.3333,6.6667,6.6667,
traingdm,0.6578,0.0067211,88.3333,11.6667,11.6667,
traingdm,0.67366,0.006677,81.6667,18.3333,18.3333,
traingdm,0.69796,0.0070444,75,25,25,
traingdm,0.70617,0.0067455,63.3333,36.6667,36.6667,
traingdm,0.043729,0.0067389,41.6667,58.3333,58.3333,
traingdm,0.7358,0.0073305,65,35,35,
traingdm,0.67508,0.0074724,60,40,40,
traingdm,0.69313,0.0074802,33.3333,66.6667,66.6667,
traingdm,0.68573,0.0078829,65,35,35,
traingdm,0.68557,0.0074651,58.3333,41.6667,41.6667,
traingdm,0.70128,0.0074075,76.6667,23.3333,23.3333,
traingdm,0.71955,0.0075684,61.6667,38.3333,38.3333,
traingdm,0.75841,0.0074697,86.6667,13.3333,13.3333,
traingdm,0.79541,0.0094353,88.3333,11.6667,11.6667,
traingdm,0.85561,0.010022,86.6667,13.3333,13.3333,
traingdm,0.89347,0.012107,88.3333,11.6667,11.6667,
traingdm,1.1644,0.0080012,88.3333,11.6667,11.6667,
traingdm,1.1542,0.010662,93.3333,6.6667,6.6667,
traingdm,0.74824,0.010399,40,60,60,
traingdm,0.027771,0.0079297,33.3333,66.6667,66.6667,
traingdm,0.75199,0.0080598,60,40,40,
traingdm,0.7519,0.0083559,58.3333,41.6667,41.6667,
traingdm,0.76966,0.0081386,75,25,25,
traingdm,0.097201,0.0081606,46.6667,53.3333,53.3333,
traingdm,0.86187,0.0081446,93.3333,6.6667,6.6667,
traingdm,0.90491,0.0082557,93.3333,6.6667,6.6667,
traingdm,0.43385,0.0082968,78.3333,21.6667,21.6667,
traingdm,0.9673,0.0083224,86.6667,13.3333,13.3333,
traingdm,1.2421,0.0093877,86.6667,13.3333,13.3333,
traingdm,0.98399,0.0086864,90,10,10,
traingdm,0.77372,0.0090345,26.6667,73.3333,73.3333,
traingdm,0.79604,0.0086686,33.3333,66.6667,66.6667,
traingdm,0.8023,0.0087224,33.3333,66.6667,66.6667,
traingdm,0.8168,0.0089285,33.3333,66.6667,66.6667,
traingdm,0.82598,0.0091256,61.6667,38.3333,38.3333,
traingdm,0.8812,0.0088458,53.3333,46.6667,46.6667,
traingdm,0.94445,0.00917,90,10,10,
traingdm,1.0007,0.0092476,90,10,10,
traingdm,1.041,0.0088959,91.6667,8.3333,8.3333,
traingdm,1.1084,0.0094103,86.6667,13.3333,13.3333,
traingdm,1.3886,0.0091066,85,15,15,
traingdm,1.4401,0.0092144,91.6667,8.3333,8.3333,
traingd,0.63414,0.0066855,60,40,40,
traingd,0.67049,0.0066302,26.6667,73.3333,73.3333,
traingd,0.62866,0.0066357,71.6667,28.3333,28.3333,
traingd,0.63033,0.0066314,56.6667,43.3333,43.3333,
traingd,0.64181,0.0068325,56.6667,43.3333,43.3333,
traingd,0.6491,0.006565,93.3333,6.6667,6.6667,
traingd,0.64949,0.006639,88.3333,11.6667,11.6667,
traingd,0.67382,0.0067178,81.6667,18.3333,18.3333,
traingd,0.68997,0.0067193,75,25,25,
traingd,0.70935,0.0068714,63.3333,36.6667,36.6667,
traingd,0.04711,0.006738,45,55,55,
traingd,0.72806,0.0067241,65,35,35,
traingd,0.67201,0.0073957,60,40,40,
traingd,0.68544,0.0075352,33.3333,66.6667,66.6667,
traingd,0.68563,0.0074609,65,35,35,
traingd,0.69371,0.0075373,58.3333,41.6667,41.6667,
traingd,0.70731,0.0075231,76.6667,23.3333,23.3333,
traingd,0.74963,0.0077389,61.6667,38.3333,38.3333,
traingd,0.76609,0.0074839,86.6667,13.3333,13.3333,
traingd,0.79423,0.0078877,88.3333,11.6667,11.6667,
traingd,0.8324,0.0074588,86.6667,13.3333,13.3333,
traingd,0.86578,0.0074464,88.3333,11.6667,11.6667,
traingd,1.096,0.0079662,88.3333,11.6667,11.6667,
traingd,1.0805,0.0076179,93.3333,6.6667,6.6667,
traingd,0.72653,0.0081428,40,60,60,
traingd,0.02741,0.0078126,33.3333,66.6667,66.6667,
traingd,0.75327,0.0082125,60,40,40,
traingd,0.75612,0.0082557,58.3333,41.6667,41.6667,
traingd,0.77366,0.008691,76.6667,23.3333,23.3333,
traingd,0.81424,0.0085407,86.6667,13.3333,13.3333,
traingd,0.85978,0.008537,93.3333,6.6667,6.6667,
traingd,0.89738,0.0082702,93.3333,6.6667,6.6667,
traingd,0.96036,0.008556,91.6667,8.3333,8.3333,
traingd,0.96889,0.008247,86.6667,13.3333,13.3333,
traingd,1.1592,0.0083463,85,15,15,
traingd,1.214,0.0088175,93.3333,6.6667,6.6667,
traingd,0.77693,0.0088392,28.3333,71.6667,71.6667,
traingd,0.80549,0.0088039,33.3333,66.6667,66.6667,
traingd,0.82083,0.0087015,33.3333,66.6667,66.6667,
traingd,0.82553,0.009049,33.3333,66.6667,66.6667,
traingd,0.84733,0.0088564,61.6667,38.3333,38.3333,
traingd,0.88131,0.0088452,56.6667,43.3333,43.3333,
traingd,0.95308,0.0091987,90,10,10,
traingd,1.0035,0.0091576,90,10,10,
traingd,1.0321,0.0094254,91.6667,8.3333,8.3333,
traingd,1.1294,0.009423,86.6667,13.3333,13.3333,
traingd,1.3725,0.0094912,85,15,15,
traingd,1.4408,0.009541,91.6667,8.3333,8.3333,
trainlm,0.08915,0.0082068,1,1,53.3333,46.6667,46.6667,
trainlm,0.050504,0.0088926,1,2,93.3333,6.6667,6.6667,
trainlm,0.051021,0.0070546,1,3,85,15,15,
trainlm,0.049173,0.0067968,1,4,90,10,10,
trainlm,0.046833,0.0071138,1,5,85,15,15,
trainlm,0.048006,0.0067881,1,10,91.6667,8.3333,8.3333,
trainlm,0.052942,0.0067679,1,15,88.3333,11.6667,11.6667,
trainlm,0.063416,0.0070438,1,20,85,15,15,
trainlm,0.10257,0.0073402,1,25,86.6667,13.3333,13.3333,
trainlm,0.14058,0.0069816,1,30,86.6667,13.3333,13.3333,
trainlm,0.11485,0.0068322,1,35,93.3333,6.6667,6.6667,
trainlm,0.2535,0.00684,1,40,86.6667,13.3333,13.3333,
trainlm,0.045942,0.0080562,2,1,55,45,45,
trainlm,0.05275,0.0081328,2,2,88.3333,11.6667,11.6667,
trainlm,0.046725,0.00755,2,3,88.3333,11.6667,11.6667,
trainlm,0.07021,0.0087492,2,4,70,30,30,
trainlm,0.069233,0.0084969,2,5,86.6667,13.3333,13.3333,
trainlm,0.066245,0.0088754,2,10,88.3333,11.6667,11.6667,
trainlm,0.15227,0.00762,2,15,93.3333,6.6667,6.6667,
trainlm,0.23163,0.0079484,2,20,91.6667,8.3333,8.3333,
trainlm,0.3906,0.018236,1,1,53.3333,46.6667,46.6667,
trainlm,0.11732,0.010765,1,2,93.3333,6.6667,6.6667,
trainlm,0.11238,0.010252,1,3,85,15,15,
trainlm,0.10777,0.009432,1,4,90,10,10,
trainlm,0.13007,0.009078,1,5,85,15,15,
trainlm,0.097417,0.0092545,1,10,91.6667,8.3333,8.3333,
trainlm,0.11539,0.0096258,1,15,88.3333,11.6667,11.6667,
trainlm,0.14286,0.0091984,1,20,85,15,15,
trainlm,0.14878,0.0088645,1,25,86.6667,13.3333,13.3333,
trainlm,0.21029,0.0086255,1,30,86.6667,13.3333,13.3333,
trainlm,0.16731,0.0086234,1,35,93.3333,6.6667,6.6667,
trainlm,0.25435,0.0086789,1,40,86.6667,13.3333,13.3333,
trainlm,0.13025,0.011435,2,1,55,45,45,
trainlm,0.10748,0.010027,2,2,88.3333,11.6667,11.6667,
trainlm,0.1087,0.010876,2,3,88.3333,11.6667,11.6667,
trainlm,0.10028,0.009688,2,4,70,30,30,
trainlm,0.11082,0.009803,2,5,86.6667,13.3333,13.3333,
trainlm,0.12506,0.0096747,2,10,88.3333,11.6667,11.6667,
trainlm,0.18181,0.0096168,2,15,93.3333,6.6667,6.6667,
trainlm,0.30564,0.010282,2,20,91.6667,8.3333,8.3333,
trainlm,0.53444,0.0095549,2,25,85,15,15,
trainlm,1.0746,0.010463,2,30,91.6667,8.3333,8.3333,
trainlm,3.3607,0.010376,2,35,88.3333,11.6667,11.6667,
trainlm,4.3829,0.0094867,2,40,88.3333,11.6667,11.6667,
trainlm,0.16512,0.011471,3,1,61.6667,38.3333,38.3333,
trainlm,0.14735,0.015277,3,2,91.6667,8.3333,8.3333,
trainlm,0.11383,0.010424,3,3,80,20,20,
trainlm,0.12245,0.010221,3,4,88.3333,11.6667,11.6667,
trainlm,0.11144,0.011246,3,5,86.6667,13.3333,13.3333,
trainlm,0.20655,0.010905,3,10,81.6667,18.3333,18.3333,
trainlm,0.29203,0.010227,3,15,85,15,15,
trainlm,0.67058,0.010483,3,20,91.6667,8.3333,8.3333,
trainlm,2.8957,0.010421,3,25,93.3333,6.6667,6.6667,
